Input,Result,Assignment
cnf_1.cnf,UNSAT,
cnf_10.cnf,SAT,
cnf_100.cnf,UNSAT,
cnf_1000.cnf,UNSAT,
cnf_101.cnf,UNSAT,
cnf_102.cnf,SAT,
cnf_103.cnf,UNSAT,
cnf_104.cnf,SAT,
cnf_105.cnf,UNSAT,
cnf_106.cnf,UNSAT,
cnf_107.cnf,UNSAT,
cnf_108.cnf,UNSAT,
cnf_109.cnf,UNSAT,
cnf_11.cnf,UNSAT,
cnf_110.cnf,UNSAT,
cnf_111.cnf,SAT,
cnf_112.cnf,UNSAT,
cnf_113.cnf,UNSAT,
cnf_114.cnf,UNSAT,
cnf_115.cnf,UNSAT,
cnf_116.cnf,UNSAT,
cnf_117.cnf,UNSAT,
cnf_118.cnf,UNSAT,
cnf_119.cnf,SAT,
cnf_12.cnf,UNSAT,
cnf_120.cnf,SAT,
cnf_121.cnf,UNSAT,
cnf_122.cnf,UNSAT,
cnf_123.cnf,UNSAT,
cnf_124.cnf,UNSAT,
cnf_125.cnf,UNSAT,
cnf_126.cnf,UNSAT,
cnf_127.cnf,UNSAT,
cnf_128.cnf,UNSAT,
cnf_129.cnf,UNSAT,
cnf_13.cnf,UNSAT,
cnf_130.cnf,UNSAT,
cnf_131.cnf,UNSAT,
cnf_132.cnf,UNSAT,
cnf_133.cnf,SAT,
cnf_134.cnf,UNSAT,
cnf_135.cnf,SAT,
cnf_136.cnf,UNSAT,
cnf_137.cnf,SAT,
cnf_138.cnf,UNSAT,
cnf_139.cnf,UNSAT,
cnf_14.cnf,SAT,
cnf_140.cnf,UNSAT,
cnf_141.cnf,SAT,
cnf_142.cnf,SAT,
cnf_143.cnf,UNSAT,
cnf_144.cnf,UNSAT,
cnf_145.cnf,UNSAT,
cnf_146.cnf,UNSAT,
cnf_147.cnf,UNSAT,
cnf_148.cnf,UNSAT,
cnf_149.cnf,UNSAT,
cnf_15.cnf,UNSAT,
cnf_150.cnf,SAT,
cnf_151.cnf,UNSAT,
cnf_152.cnf,UNSAT,
cnf_153.cnf,UNSAT,
cnf_154.cnf,UNSAT,
cnf_155.cnf,SAT,
cnf_156.cnf,SAT,
cnf_157.cnf,UNSAT,
cnf_158.cnf,UNSAT,
cnf_159.cnf,UNSAT,
cnf_16.cnf,UNSAT,
cnf_160.cnf,SAT,
cnf_161.cnf,UNSAT,
cnf_162.cnf,UNSAT,
cnf_163.cnf,UNSAT,
cnf_164.cnf,UNSAT,
cnf_165.cnf,UNSAT,
cnf_166.cnf,UNSAT,
cnf_167.cnf,UNSAT,
cnf_168.cnf,SAT,
cnf_169.cnf,UNSAT,
cnf_17.cnf,UNSAT,
cnf_170.cnf,SAT,
cnf_171.cnf,UNSAT,
cnf_172.cnf,SAT,
cnf_173.cnf,UNSAT,
cnf_174.cnf,UNSAT,
cnf_175.cnf,UNSAT,
cnf_176.cnf,UNSAT,
cnf_177.cnf,UNSAT,
cnf_178.cnf,UNSAT,
cnf_179.cnf,SAT,
cnf_18.cnf,UNSAT,
cnf_180.cnf,UNSAT,
cnf_181.cnf,UNSAT,
cnf_182.cnf,UNSAT,
cnf_183.cnf,UNSAT,
cnf_184.cnf,UNSAT,
cnf_185.cnf,UNSAT,
cnf_186.cnf,SAT,
cnf_187.cnf,UNSAT,
cnf_188.cnf,UNSAT,
cnf_189.cnf,UNSAT,
cnf_19.cnf,UNSAT,
cnf_190.cnf,UNSAT,
cnf_191.cnf,SAT,
cnf_192.cnf,UNSAT,
cnf_193.cnf,UNSAT,
cnf_194.cnf,UNSAT,
cnf_195.cnf,UNSAT,
cnf_196.cnf,UNSAT,
cnf_197.cnf,UNSAT,
cnf_198.cnf,SAT,
cnf_199.cnf,UNSAT,
cnf_2.cnf,UNSAT,
cnf_20.cnf,UNSAT,
cnf_200.cnf,UNSAT,
cnf_201.cnf,UNSAT,
cnf_202.cnf,UNSAT,
cnf_203.cnf,UNSAT,
cnf_204.cnf,UNSAT,
cnf_205.cnf,SAT,
cnf_206.cnf,UNSAT,
cnf_207.cnf,UNSAT,
cnf_208.cnf,UNSAT,
cnf_209.cnf,UNSAT,
cnf_21.cnf,UNSAT,
cnf_210.cnf,UNSAT,
cnf_211.cnf,UNSAT,
cnf_212.cnf,UNSAT,
cnf_213.cnf,UNSAT,
cnf_214.cnf,UNSAT,
cnf_215.cnf,UNSAT,
cnf_216.cnf,UNSAT,
cnf_217.cnf,SAT,
cnf_218.cnf,UNSAT,
cnf_219.cnf,UNSAT,
cnf_22.cnf,SAT,
cnf_220.cnf,SAT,
cnf_221.cnf,SAT,
cnf_222.cnf,UNSAT,
cnf_223.cnf,UNSAT,
cnf_224.cnf,SAT,
cnf_225.cnf,UNSAT,
cnf_226.cnf,UNSAT,
cnf_227.cnf,UNSAT,
cnf_228.cnf,SAT,
cnf_229.cnf,UNSAT,
cnf_23.cnf,UNSAT,
cnf_230.cnf,UNSAT,
cnf_231.cnf,UNSAT,
cnf_232.cnf,SAT,
cnf_233.cnf,UNSAT,
cnf_234.cnf,UNSAT,
cnf_235.cnf,UNSAT,
cnf_236.cnf,SAT,
cnf_237.cnf,UNSAT,
cnf_238.cnf,UNSAT,
cnf_239.cnf,UNSAT,
cnf_24.cnf,UNSAT,
cnf_240.cnf,SAT,
cnf_241.cnf,UNSAT,
cnf_242.cnf,UNSAT,
cnf_243.cnf,UNSAT,
cnf_244.cnf,UNSAT,
cnf_245.cnf,UNSAT,
cnf_246.cnf,UNSAT,
cnf_247.cnf,UNSAT,
cnf_248.cnf,UNSAT,
cnf_249.cnf,UNSAT,
cnf_25.cnf,UNSAT,
cnf_250.cnf,UNSAT,
cnf_251.cnf,UNSAT,
cnf_252.cnf,UNSAT,
cnf_253.cnf,UNSAT,
cnf_254.cnf,UNSAT,
cnf_255.cnf,SAT,
cnf_256.cnf,SAT,
cnf_257.cnf,UNSAT,
cnf_258.cnf,UNSAT,
cnf_259.cnf,UNSAT,
cnf_26.cnf,SAT,
cnf_260.cnf,UNSAT,
cnf_261.cnf,SAT,
cnf_262.cnf,UNSAT,
cnf_263.cnf,UNSAT,
cnf_264.cnf,UNSAT,
cnf_265.cnf,UNSAT,
cnf_266.cnf,SAT,
cnf_267.cnf,UNSAT,
cnf_268.cnf,UNSAT,
cnf_269.cnf,SAT,
cnf_27.cnf,UNSAT,
cnf_270.cnf,UNSAT,
cnf_271.cnf,UNSAT,
cnf_272.cnf,UNSAT,
cnf_273.cnf,UNSAT,
cnf_274.cnf,UNSAT,
cnf_275.cnf,UNSAT,
cnf_276.cnf,UNSAT,
cnf_277.cnf,UNSAT,
cnf_278.cnf,UNSAT,
cnf_279.cnf,UNSAT,
cnf_28.cnf,UNSAT,
cnf_280.cnf,UNSAT,
cnf_281.cnf,UNSAT,
cnf_282.cnf,SAT,
cnf_283.cnf,UNSAT,
cnf_284.cnf,UNSAT,
cnf_285.cnf,SAT,
cnf_286.cnf,UNSAT,
cnf_287.cnf,UNSAT,
cnf_288.cnf,UNSAT,
cnf_289.cnf,SAT,
cnf_29.cnf,UNSAT,
cnf_290.cnf,UNSAT,
cnf_291.cnf,UNSAT,
cnf_292.cnf,SAT,
cnf_293.cnf,UNSAT,
cnf_294.cnf,UNSAT,
cnf_295.cnf,SAT,
cnf_296.cnf,SAT,
cnf_297.cnf,UNSAT,
cnf_298.cnf,UNSAT,
cnf_299.cnf,SAT,
cnf_3.cnf,UNSAT,
cnf_30.cnf,SAT,
cnf_300.cnf,UNSAT,
cnf_301.cnf,SAT,
cnf_302.cnf,UNSAT,
cnf_303.cnf,UNSAT,
cnf_304.cnf,SAT,
cnf_305.cnf,UNSAT,
cnf_306.cnf,SAT,
cnf_307.cnf,UNSAT,
cnf_308.cnf,UNSAT,
cnf_309.cnf,UNSAT,
cnf_31.cnf,UNSAT,
cnf_310.cnf,SAT,
cnf_311.cnf,UNSAT,
cnf_312.cnf,UNSAT,
cnf_313.cnf,UNSAT,
cnf_314.cnf,SAT,
cnf_315.cnf,SAT,
cnf_316.cnf,UNSAT,
cnf_317.cnf,SAT,
cnf_318.cnf,UNSAT,
cnf_319.cnf,UNSAT,
cnf_32.cnf,SAT,
cnf_320.cnf,UNSAT,
cnf_321.cnf,UNSAT,
cnf_322.cnf,SAT,
cnf_323.cnf,UNSAT,
cnf_324.cnf,UNSAT,
cnf_325.cnf,UNSAT,
cnf_326.cnf,UNSAT,
cnf_327.cnf,UNSAT,
cnf_328.cnf,UNSAT,
cnf_329.cnf,SAT,
cnf_33.cnf,UNSAT,
cnf_330.cnf,UNSAT,
cnf_331.cnf,UNSAT,
cnf_332.cnf,UNSAT,
cnf_333.cnf,SAT,
cnf_334.cnf,UNSAT,
cnf_335.cnf,UNSAT,
cnf_336.cnf,UNSAT,
cnf_337.cnf,SAT,
cnf_338.cnf,UNSAT,
cnf_339.cnf,UNSAT,
cnf_34.cnf,UNSAT,
cnf_340.cnf,UNSAT,
cnf_341.cnf,SAT,
cnf_342.cnf,UNSAT,
cnf_343.cnf,UNSAT,
cnf_344.cnf,SAT,
cnf_345.cnf,UNSAT,
cnf_346.cnf,UNSAT,
cnf_347.cnf,UNSAT,
cnf_348.cnf,UNSAT,
cnf_349.cnf,UNSAT,
cnf_35.cnf,UNSAT,
cnf_350.cnf,UNSAT,
cnf_351.cnf,UNSAT,
cnf_352.cnf,UNSAT,
cnf_353.cnf,UNSAT,
cnf_354.cnf,UNSAT,
cnf_355.cnf,UNSAT,
cnf_356.cnf,UNSAT,
cnf_357.cnf,UNSAT,
cnf_358.cnf,UNSAT,
cnf_359.cnf,SAT,
cnf_36.cnf,UNSAT,
cnf_360.cnf,UNSAT,
cnf_361.cnf,UNSAT,
cnf_362.cnf,SAT,
cnf_363.cnf,SAT,
cnf_364.cnf,SAT,
cnf_365.cnf,UNSAT,
cnf_366.cnf,UNSAT,
cnf_367.cnf,UNSAT,
cnf_368.cnf,UNSAT,
cnf_369.cnf,UNSAT,
cnf_37.cnf,UNSAT,
cnf_370.cnf,SAT,
cnf_371.cnf,SAT,
cnf_372.cnf,UNSAT,
cnf_373.cnf,UNSAT,
cnf_374.cnf,SAT,
cnf_375.cnf,UNSAT,
cnf_376.cnf,UNSAT,
cnf_377.cnf,UNSAT,
cnf_378.cnf,UNSAT,
cnf_379.cnf,UNSAT,
cnf_38.cnf,UNSAT,
cnf_380.cnf,UNSAT,
cnf_381.cnf,UNSAT,
cnf_382.cnf,SAT,
cnf_383.cnf,SAT,
cnf_384.cnf,SAT,
cnf_385.cnf,UNSAT,
cnf_386.cnf,UNSAT,
cnf_387.cnf,UNSAT,
cnf_388.cnf,UNSAT,
cnf_389.cnf,UNSAT,
cnf_39.cnf,UNSAT,
cnf_390.cnf,SAT,
cnf_391.cnf,UNSAT,
cnf_392.cnf,UNSAT,
cnf_393.cnf,UNSAT,
cnf_394.cnf,UNSAT,
cnf_395.cnf,UNSAT,
cnf_396.cnf,UNSAT,
cnf_397.cnf,UNSAT,
cnf_398.cnf,UNSAT,
cnf_399.cnf,SAT,
cnf_4.cnf,UNSAT,
cnf_40.cnf,SAT,
cnf_400.cnf,SAT,
cnf_401.cnf,UNSAT,
cnf_402.cnf,UNSAT,
cnf_403.cnf,UNSAT,
cnf_404.cnf,UNSAT,
cnf_405.cnf,SAT,
cnf_406.cnf,UNSAT,
cnf_407.cnf,UNSAT,
cnf_408.cnf,UNSAT,
cnf_409.cnf,UNSAT,
cnf_41.cnf,SAT,
cnf_410.cnf,UNSAT,
cnf_411.cnf,UNSAT,
cnf_412.cnf,UNSAT,
cnf_413.cnf,UNSAT,
cnf_414.cnf,UNSAT,
cnf_415.cnf,SAT,
cnf_416.cnf,UNSAT,
cnf_417.cnf,UNSAT,
cnf_418.cnf,UNSAT,
cnf_419.cnf,UNSAT,
cnf_42.cnf,SAT,
cnf_420.cnf,UNSAT,
cnf_421.cnf,UNSAT,
cnf_422.cnf,UNSAT,
cnf_423.cnf,SAT,
cnf_424.cnf,UNSAT,
cnf_425.cnf,UNSAT,
cnf_426.cnf,UNSAT,
cnf_427.cnf,UNSAT,
cnf_428.cnf,UNSAT,
cnf_429.cnf,UNSAT,
cnf_43.cnf,UNSAT,
cnf_430.cnf,UNSAT,
cnf_431.cnf,SAT,
cnf_432.cnf,UNSAT,
cnf_433.cnf,UNSAT,
cnf_434.cnf,UNSAT,
cnf_435.cnf,UNSAT,
cnf_436.cnf,UNSAT,
cnf_437.cnf,UNSAT,
cnf_438.cnf,SAT,
cnf_439.cnf,SAT,
cnf_44.cnf,SAT,
cnf_440.cnf,UNSAT,
cnf_441.cnf,UNSAT,
cnf_442.cnf,SAT,
cnf_443.cnf,UNSAT,
cnf_444.cnf,UNSAT,
cnf_445.cnf,SAT,
cnf_446.cnf,SAT,
cnf_447.cnf,UNSAT,
cnf_448.cnf,UNSAT,
cnf_449.cnf,UNSAT,
cnf_45.cnf,SAT,
cnf_450.cnf,UNSAT,
cnf_451.cnf,UNSAT,
cnf_452.cnf,UNSAT,
cnf_453.cnf,UNSAT,
cnf_454.cnf,UNSAT,
cnf_455.cnf,UNSAT,
cnf_456.cnf,UNSAT,
cnf_457.cnf,UNSAT,
cnf_458.cnf,UNSAT,
cnf_459.cnf,UNSAT,
cnf_46.cnf,UNSAT,
cnf_460.cnf,UNSAT,
cnf_461.cnf,UNSAT,
cnf_462.cnf,UNSAT,
cnf_463.cnf,SAT,
cnf_464.cnf,SAT,
cnf_465.cnf,UNSAT,
cnf_466.cnf,UNSAT,
cnf_467.cnf,UNSAT,
cnf_468.cnf,UNSAT,
cnf_469.cnf,UNSAT,
cnf_47.cnf,SAT,
cnf_470.cnf,UNSAT,
cnf_471.cnf,UNSAT,
cnf_472.cnf,UNSAT,
cnf_473.cnf,UNSAT,
cnf_474.cnf,UNSAT,
cnf_475.cnf,UNSAT,
cnf_476.cnf,UNSAT,
cnf_477.cnf,UNSAT,
cnf_478.cnf,UNSAT,
cnf_479.cnf,SAT,
cnf_48.cnf,UNSAT,
cnf_480.cnf,SAT,
cnf_481.cnf,UNSAT,
cnf_482.cnf,UNSAT,
cnf_483.cnf,UNSAT,
cnf_484.cnf,UNSAT,
cnf_485.cnf,UNSAT,
cnf_486.cnf,UNSAT,
cnf_487.cnf,SAT,
cnf_488.cnf,UNSAT,
cnf_489.cnf,UNSAT,
cnf_49.cnf,UNSAT,
cnf_490.cnf,UNSAT,
cnf_491.cnf,SAT,
cnf_492.cnf,UNSAT,
cnf_493.cnf,UNSAT,
cnf_494.cnf,UNSAT,
cnf_495.cnf,UNSAT,
cnf_496.cnf,UNSAT,
cnf_497.cnf,UNSAT,
cnf_498.cnf,UNSAT,
cnf_499.cnf,SAT,
cnf_5.cnf,UNSAT,
cnf_50.cnf,UNSAT,
cnf_500.cnf,UNSAT,
cnf_501.cnf,UNSAT,
cnf_502.cnf,UNSAT,
cnf_503.cnf,SAT,
cnf_504.cnf,UNSAT,
cnf_505.cnf,SAT,
cnf_506.cnf,UNSAT,
cnf_507.cnf,UNSAT,
cnf_508.cnf,UNSAT,
cnf_509.cnf,UNSAT,
cnf_51.cnf,UNSAT,
cnf_510.cnf,UNSAT,
cnf_511.cnf,UNSAT,
cnf_512.cnf,SAT,
cnf_513.cnf,SAT,
cnf_514.cnf,SAT,
cnf_515.cnf,UNSAT,
cnf_516.cnf,UNSAT,
cnf_517.cnf,SAT,
cnf_518.cnf,SAT,
cnf_519.cnf,UNSAT,
cnf_52.cnf,UNSAT,
cnf_520.cnf,UNSAT,
cnf_521.cnf,UNSAT,
cnf_522.cnf,UNSAT,
cnf_523.cnf,UNSAT,
cnf_524.cnf,SAT,
cnf_525.cnf,UNSAT,
cnf_526.cnf,UNSAT,
cnf_527.cnf,UNSAT,
cnf_528.cnf,SAT,
cnf_529.cnf,UNSAT,
cnf_53.cnf,UNSAT,
cnf_530.cnf,UNSAT,
cnf_531.cnf,UNSAT,
cnf_532.cnf,UNSAT,
cnf_533.cnf,UNSAT,
cnf_534.cnf,UNSAT,
cnf_535.cnf,UNSAT,
cnf_536.cnf,UNSAT,
cnf_537.cnf,UNSAT,
cnf_538.cnf,UNSAT,
cnf_539.cnf,UNSAT,
cnf_54.cnf,UNSAT,
cnf_540.cnf,SAT,
cnf_541.cnf,UNSAT,
cnf_542.cnf,UNSAT,
cnf_543.cnf,UNSAT,
cnf_544.cnf,SAT,
cnf_545.cnf,UNSAT,
cnf_546.cnf,UNSAT,
cnf_547.cnf,SAT,
cnf_548.cnf,SAT,
cnf_549.cnf,UNSAT,
cnf_55.cnf,UNSAT,
cnf_550.cnf,UNSAT,
cnf_551.cnf,UNSAT,
cnf_552.cnf,UNSAT,
cnf_553.cnf,UNSAT,
cnf_554.cnf,UNSAT,
cnf_555.cnf,SAT,
cnf_556.cnf,UNSAT,
cnf_557.cnf,UNSAT,
cnf_558.cnf,UNSAT,
cnf_559.cnf,UNSAT,
cnf_56.cnf,UNSAT,
cnf_560.cnf,UNSAT,
cnf_561.cnf,UNSAT,
cnf_562.cnf,SAT,
cnf_563.cnf,SAT,
cnf_564.cnf,SAT,
cnf_565.cnf,SAT,
cnf_566.cnf,UNSAT,
cnf_567.cnf,UNSAT,
cnf_568.cnf,UNSAT,
cnf_569.cnf,UNSAT,
cnf_57.cnf,UNSAT,
cnf_570.cnf,UNSAT,
cnf_571.cnf,UNSAT,
cnf_572.cnf,UNSAT,
cnf_573.cnf,SAT,
cnf_574.cnf,UNSAT,
cnf_575.cnf,UNSAT,
cnf_576.cnf,UNSAT,
cnf_577.cnf,SAT,
cnf_578.cnf,UNSAT,
cnf_579.cnf,UNSAT,
cnf_58.cnf,UNSAT,
cnf_580.cnf,UNSAT,
cnf_581.cnf,SAT,
cnf_582.cnf,UNSAT,
cnf_583.cnf,UNSAT,
cnf_584.cnf,SAT,
cnf_585.cnf,SAT,
cnf_586.cnf,UNSAT,
cnf_587.cnf,UNSAT,
cnf_588.cnf,SAT,
cnf_589.cnf,SAT,
cnf_59.cnf,UNSAT,
cnf_590.cnf,UNSAT,
cnf_591.cnf,UNSAT,
cnf_592.cnf,UNSAT,
cnf_593.cnf,UNSAT,
cnf_594.cnf,UNSAT,
cnf_595.cnf,UNSAT,
cnf_596.cnf,SAT,
cnf_597.cnf,UNSAT,
cnf_598.cnf,UNSAT,
cnf_599.cnf,UNSAT,
cnf_6.cnf,UNSAT,
cnf_60.cnf,UNSAT,
cnf_600.cnf,SAT,
cnf_601.cnf,UNSAT,
cnf_602.cnf,UNSAT,
cnf_603.cnf,UNSAT,
cnf_604.cnf,SAT,
cnf_605.cnf,UNSAT,
cnf_606.cnf,SAT,
cnf_607.cnf,UNSAT,
cnf_608.cnf,SAT,
cnf_609.cnf,SAT,
cnf_61.cnf,UNSAT,
cnf_610.cnf,UNSAT,
cnf_611.cnf,UNSAT,
cnf_612.cnf,UNSAT,
cnf_613.cnf,UNSAT,
cnf_614.cnf,SAT,
cnf_615.cnf,UNSAT,
cnf_616.cnf,UNSAT,
cnf_617.cnf,UNSAT,
cnf_618.cnf,UNSAT,
cnf_619.cnf,SAT,
cnf_62.cnf,SAT,
cnf_620.cnf,UNSAT,
cnf_621.cnf,UNSAT,
cnf_622.cnf,UNSAT,
cnf_623.cnf,SAT,
cnf_624.cnf,UNSAT,
cnf_625.cnf,SAT,
cnf_626.cnf,SAT,
cnf_627.cnf,SAT,
cnf_628.cnf,UNSAT,
cnf_629.cnf,UNSAT,
cnf_63.cnf,UNSAT,
cnf_630.cnf,UNSAT,
cnf_631.cnf,UNSAT,
cnf_632.cnf,UNSAT,
cnf_633.cnf,UNSAT,
cnf_634.cnf,UNSAT,
cnf_635.cnf,UNSAT,
cnf_636.cnf,UNSAT,
cnf_637.cnf,UNSAT,
cnf_638.cnf,SAT,
cnf_639.cnf,UNSAT,
cnf_64.cnf,UNSAT,
cnf_640.cnf,UNSAT,
cnf_641.cnf,SAT,
cnf_642.cnf,UNSAT,
cnf_643.cnf,UNSAT,
cnf_644.cnf,UNSAT,
cnf_645.cnf,SAT,
cnf_646.cnf,SAT,
cnf_647.cnf,UNSAT,
cnf_648.cnf,UNSAT,
cnf_649.cnf,SAT,
cnf_65.cnf,UNSAT,
cnf_650.cnf,UNSAT,
cnf_651.cnf,UNSAT,
cnf_652.cnf,UNSAT,
cnf_653.cnf,SAT,
cnf_654.cnf,UNSAT,
cnf_655.cnf,UNSAT,
cnf_656.cnf,UNSAT,
cnf_657.cnf,UNSAT,
cnf_658.cnf,UNSAT,
cnf_659.cnf,SAT,
cnf_66.cnf,UNSAT,
cnf_660.cnf,SAT,
cnf_661.cnf,UNSAT,
cnf_662.cnf,UNSAT,
cnf_663.cnf,SAT,
cnf_664.cnf,UNSAT,
cnf_665.cnf,UNSAT,
cnf_666.cnf,UNSAT,
cnf_667.cnf,UNSAT,
cnf_668.cnf,SAT,
cnf_669.cnf,UNSAT,
cnf_67.cnf,SAT,
cnf_670.cnf,UNSAT,
cnf_671.cnf,UNSAT,
cnf_672.cnf,UNSAT,
cnf_673.cnf,UNSAT,
cnf_674.cnf,SAT,
cnf_675.cnf,UNSAT,
cnf_676.cnf,UNSAT,
cnf_677.cnf,UNSAT,
cnf_678.cnf,SAT,
cnf_679.cnf,UNSAT,
cnf_68.cnf,UNSAT,
cnf_680.cnf,UNSAT,
cnf_681.cnf,UNSAT,
cnf_682.cnf,SAT,
cnf_683.cnf,UNSAT,
cnf_684.cnf,UNSAT,
cnf_685.cnf,UNSAT,
cnf_686.cnf,UNSAT,
cnf_687.cnf,UNSAT,
cnf_688.cnf,UNSAT,
cnf_689.cnf,UNSAT,
cnf_69.cnf,UNSAT,
cnf_690.cnf,SAT,
cnf_691.cnf,UNSAT,
cnf_692.cnf,UNSAT,
cnf_693.cnf,UNSAT,
cnf_694.cnf,UNSAT,
cnf_695.cnf,UNSAT,
cnf_696.cnf,UNSAT,
cnf_697.cnf,UNSAT,
cnf_698.cnf,UNSAT,
cnf_699.cnf,UNSAT,
cnf_7.cnf,UNSAT,
cnf_70.cnf,UNSAT,
cnf_700.cnf,UNSAT,
cnf_701.cnf,UNSAT,
cnf_702.cnf,UNSAT,
cnf_703.cnf,UNSAT,
cnf_704.cnf,UNSAT,
cnf_705.cnf,SAT,
cnf_706.cnf,UNSAT,
cnf_707.cnf,UNSAT,
cnf_708.cnf,UNSAT,
cnf_709.cnf,SAT,
cnf_71.cnf,UNSAT,
cnf_710.cnf,UNSAT,
cnf_711.cnf,UNSAT,
cnf_712.cnf,UNSAT,
cnf_713.cnf,UNSAT,
cnf_714.cnf,UNSAT,
cnf_715.cnf,UNSAT,
cnf_716.cnf,UNSAT,
cnf_717.cnf,UNSAT,
cnf_718.cnf,UNSAT,
cnf_719.cnf,UNSAT,
cnf_72.cnf,UNSAT,
cnf_720.cnf,UNSAT,
cnf_721.cnf,UNSAT,
cnf_722.cnf,UNSAT,
cnf_723.cnf,UNSAT,
cnf_724.cnf,UNSAT,
cnf_725.cnf,UNSAT,
cnf_726.cnf,UNSAT,
cnf_727.cnf,SAT,
cnf_728.cnf,SAT,
cnf_729.cnf,UNSAT,
cnf_73.cnf,UNSAT,
cnf_730.cnf,UNSAT,
cnf_731.cnf,UNSAT,
cnf_732.cnf,UNSAT,
cnf_733.cnf,UNSAT,
cnf_734.cnf,SAT,
cnf_735.cnf,SAT,
cnf_736.cnf,UNSAT,
cnf_737.cnf,UNSAT,
cnf_738.cnf,SAT,
cnf_739.cnf,UNSAT,
cnf_74.cnf,UNSAT,
cnf_740.cnf,UNSAT,
cnf_741.cnf,UNSAT,
cnf_742.cnf,SAT,
cnf_743.cnf,UNSAT,
cnf_744.cnf,UNSAT,
cnf_745.cnf,UNSAT,
cnf_746.cnf,UNSAT,
cnf_747.cnf,UNSAT,
cnf_748.cnf,UNSAT,
cnf_749.cnf,UNSAT,
cnf_75.cnf,UNSAT,
cnf_750.cnf,UNSAT,
cnf_751.cnf,UNSAT,
cnf_752.cnf,UNSAT,
cnf_753.cnf,UNSAT,
cnf_754.cnf,UNSAT,
cnf_755.cnf,UNSAT,
cnf_756.cnf,UNSAT,
cnf_757.cnf,UNSAT,
cnf_758.cnf,UNSAT,
cnf_759.cnf,UNSAT,
cnf_76.cnf,UNSAT,
cnf_760.cnf,UNSAT,
cnf_761.cnf,UNSAT,
cnf_762.cnf,SAT,
cnf_763.cnf,UNSAT,
cnf_764.cnf,SAT,
cnf_765.cnf,SAT,
cnf_766.cnf,SAT,
cnf_767.cnf,UNSAT,
cnf_768.cnf,SAT,
cnf_769.cnf,SAT,
cnf_77.cnf,SAT,
cnf_770.cnf,UNSAT,
cnf_771.cnf,UNSAT,
cnf_772.cnf,SAT,
cnf_773.cnf,SAT,
cnf_774.cnf,UNSAT,
cnf_775.cnf,UNSAT,
cnf_776.cnf,UNSAT,
cnf_777.cnf,SAT,
cnf_778.cnf,UNSAT,
cnf_779.cnf,SAT,
cnf_78.cnf,SAT,
cnf_780.cnf,UNSAT,
cnf_781.cnf,UNSAT,
cnf_782.cnf,SAT,
cnf_783.cnf,SAT,
cnf_784.cnf,SAT,
cnf_785.cnf,UNSAT,
cnf_786.cnf,UNSAT,
cnf_787.cnf,UNSAT,
cnf_788.cnf,UNSAT,
cnf_789.cnf,UNSAT,
cnf_79.cnf,UNSAT,
cnf_790.cnf,UNSAT,
cnf_791.cnf,SAT,
cnf_792.cnf,UNSAT,
cnf_793.cnf,UNSAT,
cnf_794.cnf,UNSAT,
cnf_795.cnf,UNSAT,
cnf_796.cnf,UNSAT,
cnf_797.cnf,UNSAT,
cnf_798.cnf,UNSAT,
cnf_799.cnf,SAT,
cnf_8.cnf,UNSAT,
cnf_80.cnf,UNSAT,
cnf_800.cnf,UNSAT,
cnf_801.cnf,UNSAT,
cnf_802.cnf,UNSAT,
cnf_803.cnf,UNSAT,
cnf_804.cnf,UNSAT,
cnf_805.cnf,UNSAT,
cnf_806.cnf,SAT,
cnf_807.cnf,SAT,
cnf_808.cnf,UNSAT,
cnf_809.cnf,SAT,
cnf_81.cnf,SAT,
cnf_810.cnf,SAT,
cnf_811.cnf,UNSAT,
cnf_812.cnf,UNSAT,
cnf_813.cnf,UNSAT,
cnf_814.cnf,UNSAT,
cnf_815.cnf,UNSAT,
cnf_816.cnf,UNSAT,
cnf_817.cnf,UNSAT,
cnf_818.cnf,UNSAT,
cnf_819.cnf,UNSAT,
cnf_82.cnf,UNSAT,
cnf_820.cnf,UNSAT,
cnf_821.cnf,UNSAT,
cnf_822.cnf,UNSAT,
cnf_823.cnf,UNSAT,
cnf_824.cnf,UNSAT,
cnf_825.cnf,UNSAT,
cnf_826.cnf,UNSAT,
cnf_827.cnf,UNSAT,
cnf_828.cnf,UNSAT,
cnf_829.cnf,UNSAT,
cnf_83.cnf,UNSAT,
cnf_830.cnf,UNSAT,
cnf_831.cnf,UNSAT,
cnf_832.cnf,SAT,
cnf_833.cnf,UNSAT,
cnf_834.cnf,UNSAT,
cnf_835.cnf,UNSAT,
cnf_836.cnf,SAT,
cnf_837.cnf,UNSAT,
cnf_838.cnf,UNSAT,
cnf_839.cnf,UNSAT,
cnf_84.cnf,UNSAT,
cnf_840.cnf,SAT,
cnf_841.cnf,UNSAT,
cnf_842.cnf,UNSAT,
cnf_843.cnf,SAT,
cnf_844.cnf,UNSAT,
cnf_845.cnf,UNSAT,
cnf_846.cnf,UNSAT,
cnf_847.cnf,SAT,
cnf_848.cnf,UNSAT,
cnf_849.cnf,UNSAT,
cnf_85.cnf,UNSAT,
cnf_850.cnf,UNSAT,
cnf_851.cnf,SAT,
cnf_852.cnf,UNSAT,
cnf_853.cnf,UNSAT,
cnf_854.cnf,UNSAT,
cnf_855.cnf,UNSAT,
cnf_856.cnf,UNSAT,
cnf_857.cnf,UNSAT,
cnf_858.cnf,UNSAT,
cnf_859.cnf,UNSAT,
cnf_86.cnf,UNSAT,
cnf_860.cnf,UNSAT,
cnf_861.cnf,UNSAT,
cnf_862.cnf,UNSAT,
cnf_863.cnf,SAT,
cnf_864.cnf,UNSAT,
cnf_865.cnf,UNSAT,
cnf_866.cnf,SAT,
cnf_867.cnf,SAT,
cnf_868.cnf,UNSAT,
cnf_869.cnf,UNSAT,
cnf_87.cnf,UNSAT,
cnf_870.cnf,UNSAT,
cnf_871.cnf,UNSAT,
cnf_872.cnf,UNSAT,
cnf_873.cnf,SAT,
cnf_874.cnf,UNSAT,
cnf_875.cnf,UNSAT,
cnf_876.cnf,UNSAT,
cnf_877.cnf,UNSAT,
cnf_878.cnf,UNSAT,
cnf_879.cnf,UNSAT,
cnf_88.cnf,UNSAT,
cnf_880.cnf,UNSAT,
cnf_881.cnf,SAT,
cnf_882.cnf,UNSAT,
cnf_883.cnf,UNSAT,
cnf_884.cnf,UNSAT,
cnf_885.cnf,UNSAT,
cnf_886.cnf,UNSAT,
cnf_887.cnf,UNSAT,
cnf_888.cnf,UNSAT,
cnf_889.cnf,UNSAT,
cnf_89.cnf,UNSAT,
cnf_890.cnf,UNSAT,
cnf_891.cnf,UNSAT,
cnf_892.cnf,SAT,
cnf_893.cnf,UNSAT,
cnf_894.cnf,SAT,
cnf_895.cnf,UNSAT,
cnf_896.cnf,UNSAT,
cnf_897.cnf,UNSAT,
cnf_898.cnf,UNSAT,
cnf_899.cnf,UNSAT,
cnf_9.cnf,SAT,
cnf_90.cnf,SAT,
cnf_900.cnf,SAT,
cnf_901.cnf,UNSAT,
cnf_902.cnf,UNSAT,
cnf_903.cnf,UNSAT,
cnf_904.cnf,UNSAT,
cnf_905.cnf,UNSAT,
cnf_906.cnf,UNSAT,
cnf_907.cnf,UNSAT,
cnf_908.cnf,SAT,
cnf_909.cnf,UNSAT,
cnf_91.cnf,UNSAT,
cnf_910.cnf,UNSAT,
cnf_911.cnf,SAT,
cnf_912.cnf,UNSAT,
cnf_913.cnf,UNSAT,
cnf_914.cnf,UNSAT,
cnf_915.cnf,UNSAT,
cnf_916.cnf,UNSAT,
cnf_917.cnf,UNSAT,
cnf_918.cnf,SAT,
cnf_919.cnf,SAT,
cnf_92.cnf,SAT,
cnf_920.cnf,UNSAT,
cnf_921.cnf,UNSAT,
cnf_922.cnf,UNSAT,
cnf_923.cnf,SAT,
cnf_924.cnf,UNSAT,
cnf_925.cnf,UNSAT,
cnf_926.cnf,UNSAT,
cnf_927.cnf,UNSAT,
cnf_928.cnf,UNSAT,
cnf_929.cnf,UNSAT,
cnf_93.cnf,UNSAT,
cnf_930.cnf,UNSAT,
cnf_931.cnf,UNSAT,
cnf_932.cnf,UNSAT,
cnf_933.cnf,SAT,
cnf_934.cnf,UNSAT,
cnf_935.cnf,UNSAT,
cnf_936.cnf,UNSAT,
cnf_937.cnf,SAT,
cnf_938.cnf,UNSAT,
cnf_939.cnf,UNSAT,
cnf_94.cnf,UNSAT,
cnf_940.cnf,UNSAT,
cnf_941.cnf,UNSAT,
cnf_942.cnf,UNSAT,
cnf_943.cnf,UNSAT,
cnf_944.cnf,UNSAT,
cnf_945.cnf,SAT,
cnf_946.cnf,SAT,
cnf_947.cnf,UNSAT,
cnf_948.cnf,UNSAT,
cnf_949.cnf,SAT,
cnf_95.cnf,UNSAT,
cnf_950.cnf,UNSAT,
cnf_951.cnf,UNSAT,
cnf_952.cnf,SAT,
cnf_953.cnf,SAT,
cnf_954.cnf,UNSAT,
cnf_955.cnf,UNSAT,
cnf_956.cnf,UNSAT,
cnf_957.cnf,UNSAT,
cnf_958.cnf,UNSAT,
cnf_959.cnf,UNSAT,
cnf_96.cnf,UNSAT,
cnf_960.cnf,SAT,
cnf_961.cnf,UNSAT,
cnf_962.cnf,UNSAT,
cnf_963.cnf,UNSAT,
cnf_964.cnf,SAT,
cnf_965.cnf,UNSAT,
cnf_966.cnf,UNSAT,
cnf_967.cnf,SAT,
cnf_968.cnf,SAT,
cnf_969.cnf,UNSAT,
cnf_97.cnf,SAT,
cnf_970.cnf,UNSAT,
cnf_971.cnf,UNSAT,
cnf_972.cnf,SAT,
cnf_973.cnf,UNSAT,
cnf_974.cnf,UNSAT,
cnf_975.cnf,UNSAT,
cnf_976.cnf,UNSAT,
cnf_977.cnf,UNSAT,
cnf_978.cnf,UNSAT,
cnf_979.cnf,UNSAT,
cnf_98.cnf,UNSAT,
cnf_980.cnf,SAT,
cnf_981.cnf,UNSAT,
cnf_982.cnf,UNSAT,
cnf_983.cnf,SAT,
cnf_984.cnf,UNSAT,
cnf_985.cnf,UNSAT,
cnf_986.cnf,SAT,
cnf_987.cnf,SAT,
cnf_988.cnf,UNSAT,
cnf_989.cnf,UNSAT,
cnf_99.cnf,UNSAT,
cnf_990.cnf,SAT,
cnf_991.cnf,SAT,
cnf_992.cnf,UNSAT,
cnf_993.cnf,UNSAT,
cnf_994.cnf,UNSAT,
cnf_995.cnf,UNSAT,
cnf_996.cnf,UNSAT,
cnf_997.cnf,UNSAT,
cnf_998.cnf,UNSAT,
cnf_999.cnf,UNSAT,